{
  "ABIRoot": {
    "kind": "Root",
    "name": "TopLevel",
    "printedName": "TopLevel",
    "children": [
      {
        "kind": "Import",
        "name": "SwiftSyntaxMacros",
        "printedName": "SwiftSyntaxMacros",
        "declKind": "Import",
        "moduleName": "SwiftCompilerPlugin"
      },
      {
        "kind": "Import",
        "name": "SwiftCompilerPluginMessageHandling",
        "printedName": "SwiftCompilerPluginMessageHandling",
        "declKind": "Import",
        "moduleName": "SwiftCompilerPlugin",
        "declAttributes": [
          "SPIAccessControl"
        ]
      },
      {
        "kind": "TypeDecl",
        "name": "CompilerPlugin",
        "printedName": "CompilerPlugin",
        "children": [
          {
            "kind": "Constructor",
            "name": "init",
            "printedName": "init()",
            "children": [
              {
                "kind": "TypeNominal",
                "name": "GenericTypeParam",
                "printedName": "τ_0_0"
              }
            ],
            "declKind": "Constructor",
            "usr": "s:19SwiftCompilerPlugin0bC0Pxycfc",
            "mangledName": "$s19SwiftCompilerPlugin0bC0Pxycfc",
            "moduleName": "SwiftCompilerPlugin",
            "genericSig": "<τ_0_0 where τ_0_0 : SwiftCompilerPlugin.CompilerPlugin>",
            "sugared_genericSig": "<Self where Self : SwiftCompilerPlugin.CompilerPlugin>",
            "protocolReq": true,
            "reqNewWitnessTableEntry": true,
            "init_kind": "Designated"
          },
          {
            "kind": "Var",
            "name": "providingMacros",
            "printedName": "providingMacros",
            "children": [
              {
                "kind": "TypeNominal",
                "name": "Array",
                "printedName": "[any SwiftSyntaxMacros.Macro.Type]",
                "children": [
                  {
                    "kind": "TypeNominal",
                    "name": "ExistentialMetatype",
                    "printedName": "any SwiftSyntaxMacros.Macro.Type",
                    "children": [
                      {
                        "kind": "TypeNominal",
                        "name": "Macro",
                        "printedName": "SwiftSyntaxMacros.Macro",
                        "usr": "s:17SwiftSyntaxMacros5MacroP"
                      }
                    ]
                  }
                ],
                "usr": "s:Sa"
              }
            ],
            "declKind": "Var",
            "usr": "s:19SwiftCompilerPlugin0bC0P15providingMacrosSay0a6SyntaxE05Macro_pXpGvp",
            "mangledName": "$s19SwiftCompilerPlugin0bC0P15providingMacrosSay0a6SyntaxE05Macro_pXpGvp",
            "moduleName": "SwiftCompilerPlugin",
            "protocolReq": true,
            "accessors": [
              {
                "kind": "Accessor",
                "name": "Get",
                "printedName": "Get()",
                "children": [
                  {
                    "kind": "TypeNominal",
                    "name": "Array",
                    "printedName": "[any SwiftSyntaxMacros.Macro.Type]",
                    "children": [
                      {
                        "kind": "TypeNominal",
                        "name": "ExistentialMetatype",
                        "printedName": "any SwiftSyntaxMacros.Macro.Type",
                        "children": [
                          {
                            "kind": "TypeNominal",
                            "name": "Macro",
                            "printedName": "SwiftSyntaxMacros.Macro",
                            "usr": "s:17SwiftSyntaxMacros5MacroP"
                          }
                        ]
                      }
                    ],
                    "usr": "s:Sa"
                  }
                ],
                "declKind": "Accessor",
                "usr": "s:19SwiftCompilerPlugin0bC0P15providingMacrosSay0a6SyntaxE05Macro_pXpGvg",
                "mangledName": "$s19SwiftCompilerPlugin0bC0P15providingMacrosSay0a6SyntaxE05Macro_pXpGvg",
                "moduleName": "SwiftCompilerPlugin",
                "genericSig": "<τ_0_0 where τ_0_0 : SwiftCompilerPlugin.CompilerPlugin>",
                "sugared_genericSig": "<Self where Self : SwiftCompilerPlugin.CompilerPlugin>",
                "protocolReq": true,
                "reqNewWitnessTableEntry": true,
                "accessorKind": "get"
              }
            ]
          },
          {
            "kind": "Function",
            "name": "resolveMacro",
            "printedName": "resolveMacro(moduleName:typeName:)",
            "children": [
              {
                "kind": "TypeNominal",
                "name": "ExistentialMetatype",
                "printedName": "any SwiftSyntaxMacros.Macro.Type",
                "children": [
                  {
                    "kind": "TypeNominal",
                    "name": "Macro",
                    "printedName": "SwiftSyntaxMacros.Macro",
                    "usr": "s:17SwiftSyntaxMacros5MacroP"
                  }
                ]
              },
              {
                "kind": "TypeNominal",
                "name": "String",
                "printedName": "Swift.String",
                "usr": "s:SS"
              },
              {
                "kind": "TypeNominal",
                "name": "String",
                "printedName": "Swift.String",
                "usr": "s:SS"
              }
            ],
            "declKind": "Func",
            "usr": "s:19SwiftCompilerPlugin0bC0PAAE12resolveMacro10moduleName04typeG00A12SyntaxMacros0E0_pXpSS_SStKF",
            "mangledName": "$s19SwiftCompilerPlugin0bC0PAAE12resolveMacro10moduleName04typeG00A12SyntaxMacros0E0_pXpSS_SStKF",
            "moduleName": "SwiftCompilerPlugin",
            "genericSig": "<τ_0_0 where τ_0_0 : SwiftCompilerPlugin.CompilerPlugin>",
            "sugared_genericSig": "<Self where Self : SwiftCompilerPlugin.CompilerPlugin>",
            "declAttributes": [
              "AccessControl",
              "SPIAccessControl"
            ],
            "isFromExtension": true,
            "spi_group_names": [
              "Testing"
            ],
            "throwing": true,
            "funcSelfKind": "NonMutating"
          },
          {
            "kind": "Function",
            "name": "main",
            "printedName": "main()",
            "children": [
              {
                "kind": "TypeNominal",
                "name": "Void",
                "printedName": "()"
              }
            ],
            "declKind": "Func",
            "usr": "s:19SwiftCompilerPlugin0bC0PAAE4mainyyKFZ",
            "mangledName": "$s19SwiftCompilerPlugin0bC0PAAE4mainyyKFZ",
            "moduleName": "SwiftCompilerPlugin",
            "genericSig": "<τ_0_0 where τ_0_0 : SwiftCompilerPlugin.CompilerPlugin>",
            "sugared_genericSig": "<Self where Self : SwiftCompilerPlugin.CompilerPlugin>",
            "static": true,
            "declAttributes": [
              "AccessControl",
              "RawDocComment"
            ],
            "isFromExtension": true,
            "throwing": true,
            "funcSelfKind": "NonMutating"
          }
        ],
        "declKind": "Protocol",
        "usr": "s:19SwiftCompilerPlugin0bC0P",
        "mangledName": "$s19SwiftCompilerPlugin0bC0P",
        "moduleName": "SwiftCompilerPlugin",
        "declAttributes": [
          "AccessControl",
          "RawDocComment"
        ]
      }
    ],
    "json_format_version": 8
  },
  "ConstValues": []
}