{
  "ABIRoot": {
    "kind": "Root",
    "name": "_SwiftSyntaxGenericTestSupport",
    "printedName": "_SwiftSyntaxGenericTestSupport",
    "children": [
      {
        "kind": "TypeDecl",
        "name": "TestFailureLocation",
        "printedName": "TestFailureLocation",
        "children": [
          {
            "kind": "Var",
            "name": "fileID",
            "printedName": "fileID",
            "children": [
              {
                "kind": "TypeNominal",
                "name": "StaticString",
                "printedName": "Swift.StaticString",
                "usr": "s:s12StaticStringV"
              }
            ],
            "declKind": "Var",
            "usr": "s:30_SwiftSyntaxGenericTestSupport0D15FailureLocationV6fileIDs12StaticStringVvp",
            "mangledName": "$s30_SwiftSyntaxGenericTestSupport0D15FailureLocationV6fileIDs12StaticStringVvp",
            "moduleName": "_SwiftSyntaxGenericTestSupport",
            "declAttributes": [
              "HasStorage",
              "AccessControl"
            ],
            "isLet": true,
            "hasStorage": true,
            "accessors": [
              {
                "kind": "Accessor",
                "name": "Get",
                "printedName": "Get()",
                "children": [
                  {
                    "kind": "TypeNominal",
                    "name": "StaticString",
                    "printedName": "Swift.StaticString",
                    "usr": "s:s12StaticStringV"
                  }
                ],
                "declKind": "Accessor",
                "usr": "s:30_SwiftSyntaxGenericTestSupport0D15FailureLocationV6fileIDs12StaticStringVvg",
                "mangledName": "$s30_SwiftSyntaxGenericTestSupport0D15FailureLocationV6fileIDs12StaticStringVvg",
                "moduleName": "_SwiftSyntaxGenericTestSupport",
                "implicit": true,
                "accessorKind": "get"
              }
            ]
          },
          {
            "kind": "Var",
            "name": "filePath",
            "printedName": "filePath",
            "children": [
              {
                "kind": "TypeNominal",
                "name": "StaticString",
                "printedName": "Swift.StaticString",
                "usr": "s:s12StaticStringV"
              }
            ],
            "declKind": "Var",
            "usr": "s:30_SwiftSyntaxGenericTestSupport0D15FailureLocationV8filePaths12StaticStringVvp",
            "mangledName": "$s30_SwiftSyntaxGenericTestSupport0D15FailureLocationV8filePaths12StaticStringVvp",
            "moduleName": "_SwiftSyntaxGenericTestSupport",
            "declAttributes": [
              "HasStorage",
              "AccessControl"
            ],
            "isLet": true,
            "hasStorage": true,
            "accessors": [
              {
                "kind": "Accessor",
                "name": "Get",
                "printedName": "Get()",
                "children": [
                  {
                    "kind": "TypeNominal",
                    "name": "StaticString",
                    "printedName": "Swift.StaticString",
                    "usr": "s:s12StaticStringV"
                  }
                ],
                "declKind": "Accessor",
                "usr": "s:30_SwiftSyntaxGenericTestSupport0D15FailureLocationV8filePaths12StaticStringVvg",
                "mangledName": "$s30_SwiftSyntaxGenericTestSupport0D15FailureLocationV8filePaths12StaticStringVvg",
                "moduleName": "_SwiftSyntaxGenericTestSupport",
                "implicit": true,
                "accessorKind": "get"
              }
            ]
          },
          {
            "kind": "Var",
            "name": "line",
            "printedName": "line",
            "children": [
              {
                "kind": "TypeNominal",
                "name": "UInt",
                "printedName": "Swift.UInt",
                "usr": "s:Su"
              }
            ],
            "declKind": "Var",
            "usr": "s:30_SwiftSyntaxGenericTestSupport0D15FailureLocationV4lineSuvp",
            "mangledName": "$s30_SwiftSyntaxGenericTestSupport0D15FailureLocationV4lineSuvp",
            "moduleName": "_SwiftSyntaxGenericTestSupport",
            "declAttributes": [
              "HasStorage",
              "AccessControl"
            ],
            "isLet": true,
            "hasStorage": true,
            "accessors": [
              {
                "kind": "Accessor",
                "name": "Get",
                "printedName": "Get()",
                "children": [
                  {
                    "kind": "TypeNominal",
                    "name": "UInt",
                    "printedName": "Swift.UInt",
                    "usr": "s:Su"
                  }
                ],
                "declKind": "Accessor",
                "usr": "s:30_SwiftSyntaxGenericTestSupport0D15FailureLocationV4lineSuvg",
                "mangledName": "$s30_SwiftSyntaxGenericTestSupport0D15FailureLocationV4lineSuvg",
                "moduleName": "_SwiftSyntaxGenericTestSupport",
                "implicit": true,
                "accessorKind": "get"
              }
            ]
          },
          {
            "kind": "Var",
            "name": "column",
            "printedName": "column",
            "children": [
              {
                "kind": "TypeNominal",
                "name": "UInt",
                "printedName": "Swift.UInt",
                "usr": "s:Su"
              }
            ],
            "declKind": "Var",
            "usr": "s:30_SwiftSyntaxGenericTestSupport0D15FailureLocationV6columnSuvp",
            "mangledName": "$s30_SwiftSyntaxGenericTestSupport0D15FailureLocationV6columnSuvp",
            "moduleName": "_SwiftSyntaxGenericTestSupport",
            "declAttributes": [
              "HasStorage",
              "AccessControl"
            ],
            "isLet": true,
            "hasStorage": true,
            "accessors": [
              {
                "kind": "Accessor",
                "name": "Get",
                "printedName": "Get()",
                "children": [
                  {
                    "kind": "TypeNominal",
                    "name": "UInt",
                    "printedName": "Swift.UInt",
                    "usr": "s:Su"
                  }
                ],
                "declKind": "Accessor",
                "usr": "s:30_SwiftSyntaxGenericTestSupport0D15FailureLocationV6columnSuvg",
                "mangledName": "$s30_SwiftSyntaxGenericTestSupport0D15FailureLocationV6columnSuvg",
                "moduleName": "_SwiftSyntaxGenericTestSupport",
                "implicit": true,
                "accessorKind": "get"
              }
            ]
          },
          {
            "kind": "Constructor",
            "name": "init",
            "printedName": "init(fileID:filePath:line:column:)",
            "children": [
              {
                "kind": "TypeNominal",
                "name": "TestFailureLocation",
                "printedName": "_SwiftSyntaxGenericTestSupport.TestFailureLocation",
                "usr": "s:30_SwiftSyntaxGenericTestSupport0D15FailureLocationV"
              },
              {
                "kind": "TypeNominal",
                "name": "StaticString",
                "printedName": "Swift.StaticString",
                "usr": "s:s12StaticStringV"
              },
              {
                "kind": "TypeNominal",
                "name": "StaticString",
                "printedName": "Swift.StaticString",
                "usr": "s:s12StaticStringV"
              },
              {
                "kind": "TypeNominal",
                "name": "UInt",
                "printedName": "Swift.UInt",
                "usr": "s:Su"
              },
              {
                "kind": "TypeNominal",
                "name": "UInt",
                "printedName": "Swift.UInt",
                "usr": "s:Su"
              }
            ],
            "declKind": "Constructor",
            "usr": "s:30_SwiftSyntaxGenericTestSupport0D15FailureLocationV6fileID0H4Path4line6columnACs12StaticStringV_AIS2utcfc",
            "mangledName": "$s30_SwiftSyntaxGenericTestSupport0D15FailureLocationV6fileID0H4Path4line6columnACs12StaticStringV_AIS2utcfc",
            "moduleName": "_SwiftSyntaxGenericTestSupport",
            "declAttributes": [
              "AccessControl"
            ],
            "init_kind": "Designated"
          }
        ],
        "declKind": "Struct",
        "usr": "s:30_SwiftSyntaxGenericTestSupport0D15FailureLocationV",
        "mangledName": "$s30_SwiftSyntaxGenericTestSupport0D15FailureLocationV",
        "moduleName": "_SwiftSyntaxGenericTestSupport",
        "declAttributes": [
          "AccessControl",
          "RawDocComment"
        ],
        "conformances": [
          {
            "kind": "Conformance",
            "name": "Copyable",
            "printedName": "Copyable",
            "usr": "s:s8CopyableP",
            "mangledName": "$ss8CopyableP"
          },
          {
            "kind": "Conformance",
            "name": "Escapable",
            "printedName": "Escapable",
            "usr": "s:s9EscapableP",
            "mangledName": "$ss9EscapableP"
          }
        ]
      },
      {
        "kind": "TypeDecl",
        "name": "TestFailureSpec",
        "printedName": "TestFailureSpec",
        "children": [
          {
            "kind": "Var",
            "name": "message",
            "printedName": "message",
            "children": [
              {
                "kind": "TypeNominal",
                "name": "String",
                "printedName": "Swift.String",
                "usr": "s:SS"
              }
            ],
            "declKind": "Var",
            "usr": "s:30_SwiftSyntaxGenericTestSupport0D11FailureSpecV7messageSSvp",
            "mangledName": "$s30_SwiftSyntaxGenericTestSupport0D11FailureSpecV7messageSSvp",
            "moduleName": "_SwiftSyntaxGenericTestSupport",
            "declAttributes": [
              "HasStorage",
              "AccessControl"
            ],
            "isLet": true,
            "hasStorage": true,
            "accessors": [
              {
                "kind": "Accessor",
                "name": "Get",
                "printedName": "Get()",
                "children": [
                  {
                    "kind": "TypeNominal",
                    "name": "String",
                    "printedName": "Swift.String",
                    "usr": "s:SS"
                  }
                ],
                "declKind": "Accessor",
                "usr": "s:30_SwiftSyntaxGenericTestSupport0D11FailureSpecV7messageSSvg",
                "mangledName": "$s30_SwiftSyntaxGenericTestSupport0D11FailureSpecV7messageSSvg",
                "moduleName": "_SwiftSyntaxGenericTestSupport",
                "implicit": true,
                "accessorKind": "get"
              }
            ]
          },
          {
            "kind": "Var",
            "name": "location",
            "printedName": "location",
            "children": [
              {
                "kind": "TypeNominal",
                "name": "TestFailureLocation",
                "printedName": "_SwiftSyntaxGenericTestSupport.TestFailureLocation",
                "usr": "s:30_SwiftSyntaxGenericTestSupport0D15FailureLocationV"
              }
            ],
            "declKind": "Var",
            "usr": "s:30_SwiftSyntaxGenericTestSupport0D11FailureSpecV8locationAA0dF8LocationVvp",
            "mangledName": "$s30_SwiftSyntaxGenericTestSupport0D11FailureSpecV8locationAA0dF8LocationVvp",
            "moduleName": "_SwiftSyntaxGenericTestSupport",
            "declAttributes": [
              "HasStorage",
              "AccessControl"
            ],
            "isLet": true,
            "hasStorage": true,
            "accessors": [
              {
                "kind": "Accessor",
                "name": "Get",
                "printedName": "Get()",
                "children": [
                  {
                    "kind": "TypeNominal",
                    "name": "TestFailureLocation",
                    "printedName": "_SwiftSyntaxGenericTestSupport.TestFailureLocation",
                    "usr": "s:30_SwiftSyntaxGenericTestSupport0D15FailureLocationV"
                  }
                ],
                "declKind": "Accessor",
                "usr": "s:30_SwiftSyntaxGenericTestSupport0D11FailureSpecV8locationAA0dF8LocationVvg",
                "mangledName": "$s30_SwiftSyntaxGenericTestSupport0D11FailureSpecV8locationAA0dF8LocationVvg",
                "moduleName": "_SwiftSyntaxGenericTestSupport",
                "implicit": true,
                "accessorKind": "get"
              }
            ]
          }
        ],
        "declKind": "Struct",
        "usr": "s:30_SwiftSyntaxGenericTestSupport0D11FailureSpecV",
        "mangledName": "$s30_SwiftSyntaxGenericTestSupport0D11FailureSpecV",
        "moduleName": "_SwiftSyntaxGenericTestSupport",
        "declAttributes": [
          "AccessControl",
          "RawDocComment"
        ],
        "conformances": [
          {
            "kind": "Conformance",
            "name": "Copyable",
            "printedName": "Copyable",
            "usr": "s:s8CopyableP",
            "mangledName": "$ss8CopyableP"
          },
          {
            "kind": "Conformance",
            "name": "Escapable",
            "printedName": "Escapable",
            "usr": "s:s9EscapableP",
            "mangledName": "$ss9EscapableP"
          }
        ]
      },
      {
        "kind": "Function",
        "name": "assertStringsEqualWithDiff",
        "printedName": "assertStringsEqualWithDiff(_:_:_:additionalInfo:location:failureHandler:)",
        "children": [
          {
            "kind": "TypeNominal",
            "name": "Void",
            "printedName": "()"
          },
          {
            "kind": "TypeNominal",
            "name": "String",
            "printedName": "Swift.String",
            "usr": "s:SS"
          },
          {
            "kind": "TypeNominal",
            "name": "String",
            "printedName": "Swift.String",
            "usr": "s:SS"
          },
          {
            "kind": "TypeNominal",
            "name": "String",
            "printedName": "Swift.String",
            "hasDefaultArg": true,
            "usr": "s:SS"
          },
          {
            "kind": "TypeFunc",
            "name": "Function",
            "printedName": "() -> Swift.String?",
            "children": [
              {
                "kind": "TypeNominal",
                "name": "Optional",
                "printedName": "Swift.String?",
                "children": [
                  {
                    "kind": "TypeNominal",
                    "name": "String",
                    "printedName": "Swift.String",
                    "usr": "s:SS"
                  }
                ],
                "usr": "s:Sq"
              },
              {
                "kind": "TypeNominal",
                "name": "Void",
                "printedName": "()"
              }
            ],
            "typeAttributes": [
              "noescape"
            ],
            "hasDefaultArg": true
          },
          {
            "kind": "TypeNominal",
            "name": "TestFailureLocation",
            "printedName": "_SwiftSyntaxGenericTestSupport.TestFailureLocation",
            "usr": "s:30_SwiftSyntaxGenericTestSupport0D15FailureLocationV"
          },
          {
            "kind": "TypeFunc",
            "name": "Function",
            "printedName": "(_SwiftSyntaxGenericTestSupport.TestFailureSpec) -> ()",
            "children": [
              {
                "kind": "TypeNominal",
                "name": "Void",
                "printedName": "()"
              },
              {
                "kind": "TypeNominal",
                "name": "TestFailureSpec",
                "printedName": "_SwiftSyntaxGenericTestSupport.TestFailureSpec",
                "usr": "s:30_SwiftSyntaxGenericTestSupport0D11FailureSpecV"
              }
            ],
            "typeAttributes": [
              "noescape"
            ]
          }
        ],
        "declKind": "Func",
        "usr": "s:30_SwiftSyntaxGenericTestSupport26assertStringsEqualWithDiff___14additionalInfo8location14failureHandlerySS_S3SSgyXKAA0D15FailureLocationVyAA0dP4SpecVXEtF",
        "mangledName": "$s30_SwiftSyntaxGenericTestSupport26assertStringsEqualWithDiff___14additionalInfo8location14failureHandlerySS_S3SSgyXKAA0D15FailureLocationVyAA0dP4SpecVXEtF",
        "moduleName": "_SwiftSyntaxGenericTestSupport",
        "declAttributes": [
          "AccessControl",
          "RawDocComment"
        ],
        "funcSelfKind": "NonMutating"
      },
      {
        "kind": "Function",
        "name": "failStringsEqualWithDiff",
        "printedName": "failStringsEqualWithDiff(_:_:_:additionalInfo:location:failureHandler:)",
        "children": [
          {
            "kind": "TypeNominal",
            "name": "Void",
            "printedName": "()"
          },
          {
            "kind": "TypeNominal",
            "name": "String",
            "printedName": "Swift.String",
            "usr": "s:SS"
          },
          {
            "kind": "TypeNominal",
            "name": "String",
            "printedName": "Swift.String",
            "usr": "s:SS"
          },
          {
            "kind": "TypeNominal",
            "name": "String",
            "printedName": "Swift.String",
            "hasDefaultArg": true,
            "usr": "s:SS"
          },
          {
            "kind": "TypeFunc",
            "name": "Function",
            "printedName": "() -> Swift.String?",
            "children": [
              {
                "kind": "TypeNominal",
                "name": "Optional",
                "printedName": "Swift.String?",
                "children": [
                  {
                    "kind": "TypeNominal",
                    "name": "String",
                    "printedName": "Swift.String",
                    "usr": "s:SS"
                  }
                ],
                "usr": "s:Sq"
              },
              {
                "kind": "TypeNominal",
                "name": "Void",
                "printedName": "()"
              }
            ],
            "typeAttributes": [
              "noescape"
            ],
            "hasDefaultArg": true
          },
          {
            "kind": "TypeNominal",
            "name": "TestFailureLocation",
            "printedName": "_SwiftSyntaxGenericTestSupport.TestFailureLocation",
            "usr": "s:30_SwiftSyntaxGenericTestSupport0D15FailureLocationV"
          },
          {
            "kind": "TypeFunc",
            "name": "Function",
            "printedName": "(_SwiftSyntaxGenericTestSupport.TestFailureSpec) -> ()",
            "children": [
              {
                "kind": "TypeNominal",
                "name": "Void",
                "printedName": "()"
              },
              {
                "kind": "TypeNominal",
                "name": "TestFailureSpec",
                "printedName": "_SwiftSyntaxGenericTestSupport.TestFailureSpec",
                "usr": "s:30_SwiftSyntaxGenericTestSupport0D11FailureSpecV"
              }
            ],
            "typeAttributes": [
              "noescape"
            ]
          }
        ],
        "declKind": "Func",
        "usr": "s:30_SwiftSyntaxGenericTestSupport24failStringsEqualWithDiff___14additionalInfo8location14failureHandlerySS_S3SSgyXKAA0D15FailureLocationVyAA0dP4SpecVXEtF",
        "mangledName": "$s30_SwiftSyntaxGenericTestSupport24failStringsEqualWithDiff___14additionalInfo8location14failureHandlerySS_S3SSgyXKAA0D15FailureLocationVyAA0dP4SpecVXEtF",
        "moduleName": "_SwiftSyntaxGenericTestSupport",
        "declAttributes": [
          "AccessControl",
          "RawDocComment"
        ],
        "funcSelfKind": "NonMutating"
      },
      {
        "kind": "TypeDecl",
        "name": "String",
        "printedName": "String",
        "children": [
          {
            "kind": "Function",
            "name": "trimmingTrailingWhitespace",
            "printedName": "trimmingTrailingWhitespace()",
            "children": [
              {
                "kind": "TypeNominal",
                "name": "String",
                "printedName": "Swift.String",
                "usr": "s:SS"
              }
            ],
            "declKind": "Func",
            "usr": "s:SS30_SwiftSyntaxGenericTestSupportE26trimmingTrailingWhitespaceSSyF",
            "mangledName": "$sSS30_SwiftSyntaxGenericTestSupportE26trimmingTrailingWhitespaceSSyF",
            "moduleName": "_SwiftSyntaxGenericTestSupport",
            "declAttributes": [
              "AccessControl"
            ],
            "isFromExtension": true,
            "funcSelfKind": "NonMutating"
          }
        ],
        "declKind": "Struct",
        "usr": "s:SS",
        "mangledName": "$sSS",
        "moduleName": "Swift",
        "declAttributes": [
          "EagerMove",
          "Frozen"
        ],
        "isExternal": true,
        "conformances": [
          {
            "kind": "Conformance",
            "name": "Copyable",
            "printedName": "Copyable",
            "usr": "s:s8CopyableP",
            "mangledName": "$ss8CopyableP"
          },
          {
            "kind": "Conformance",
            "name": "Escapable",
            "printedName": "Escapable",
            "usr": "s:s9EscapableP",
            "mangledName": "$ss9EscapableP"
          },
          {
            "kind": "Conformance",
            "name": "Decodable",
            "printedName": "Decodable",
            "usr": "s:Se",
            "mangledName": "$sSe"
          },
          {
            "kind": "Conformance",
            "name": "Encodable",
            "printedName": "Encodable",
            "usr": "s:SE",
            "mangledName": "$sSE"
          },
          {
            "kind": "Conformance",
            "name": "CodingKeyRepresentable",
            "printedName": "CodingKeyRepresentable",
            "usr": "s:s22CodingKeyRepresentableP",
            "mangledName": "$ss22CodingKeyRepresentableP"
          },
          {
            "kind": "Conformance",
            "name": "_HasContiguousBytes",
            "printedName": "_HasContiguousBytes",
            "usr": "s:s19_HasContiguousBytesP",
            "mangledName": "$ss19_HasContiguousBytesP"
          },
          {
            "kind": "Conformance",
            "name": "CustomReflectable",
            "printedName": "CustomReflectable",
            "usr": "s:s17CustomReflectableP",
            "mangledName": "$ss17CustomReflectableP"
          },
          {
            "kind": "Conformance",
            "name": "_CustomPlaygroundQuickLookable",
            "printedName": "_CustomPlaygroundQuickLookable",
            "usr": "s:s30_CustomPlaygroundQuickLookableP",
            "mangledName": "$ss30_CustomPlaygroundQuickLookableP"
          },
          {
            "kind": "Conformance",
            "name": "TextOutputStream",
            "printedName": "TextOutputStream",
            "usr": "s:s16TextOutputStreamP",
            "mangledName": "$ss16TextOutputStreamP"
          },
          {
            "kind": "Conformance",
            "name": "TextOutputStreamable",
            "printedName": "TextOutputStreamable",
            "usr": "s:s20TextOutputStreamableP",
            "mangledName": "$ss20TextOutputStreamableP"
          },
          {
            "kind": "Conformance",
            "name": "Hashable",
            "printedName": "Hashable",
            "usr": "s:SH",
            "mangledName": "$sSH"
          },
          {
            "kind": "Conformance",
            "name": "Sendable",
            "printedName": "Sendable",
            "usr": "s:s8SendableP",
            "mangledName": "$ss8SendableP"
          },
          {
            "kind": "Conformance",
            "name": "_ExpressibleByBuiltinUnicodeScalarLiteral",
            "printedName": "_ExpressibleByBuiltinUnicodeScalarLiteral",
            "usr": "s:s41_ExpressibleByBuiltinUnicodeScalarLiteralP",
            "mangledName": "$ss41_ExpressibleByBuiltinUnicodeScalarLiteralP"
          },
          {
            "kind": "Conformance",
            "name": "_ExpressibleByBuiltinExtendedGraphemeClusterLiteral",
            "printedName": "_ExpressibleByBuiltinExtendedGraphemeClusterLiteral",
            "usr": "s:s51_ExpressibleByBuiltinExtendedGraphemeClusterLiteralP",
            "mangledName": "$ss51_ExpressibleByBuiltinExtendedGraphemeClusterLiteralP"
          },
          {
            "kind": "Conformance",
            "name": "_ExpressibleByBuiltinStringLiteral",
            "printedName": "_ExpressibleByBuiltinStringLiteral",
            "usr": "s:s34_ExpressibleByBuiltinStringLiteralP",
            "mangledName": "$ss34_ExpressibleByBuiltinStringLiteralP"
          },
          {
            "kind": "Conformance",
            "name": "ExpressibleByStringLiteral",
            "printedName": "ExpressibleByStringLiteral",
            "children": [
              {
                "kind": "TypeWitness",
                "name": "StringLiteralType",
                "printedName": "StringLiteralType",
                "children": [
                  {
                    "kind": "TypeNominal",
                    "name": "String",
                    "printedName": "Swift.String",
                    "usr": "s:SS"
                  }
                ]
              }
            ],
            "usr": "s:s26ExpressibleByStringLiteralP",
            "mangledName": "$ss26ExpressibleByStringLiteralP"
          },
          {
            "kind": "Conformance",
            "name": "ExpressibleByExtendedGraphemeClusterLiteral",
            "printedName": "ExpressibleByExtendedGraphemeClusterLiteral",
            "children": [
              {
                "kind": "TypeWitness",
                "name": "ExtendedGraphemeClusterLiteralType",
                "printedName": "ExtendedGraphemeClusterLiteralType",
                "children": [
                  {
                    "kind": "TypeNominal",
                    "name": "String",
                    "printedName": "Swift.String",
                    "usr": "s:SS"
                  }
                ]
              }
            ],
            "usr": "s:s43ExpressibleByExtendedGraphemeClusterLiteralP",
            "mangledName": "$ss43ExpressibleByExtendedGraphemeClusterLiteralP"
          },
          {
            "kind": "Conformance",
            "name": "ExpressibleByUnicodeScalarLiteral",
            "printedName": "ExpressibleByUnicodeScalarLiteral",
            "children": [
              {
                "kind": "TypeWitness",
                "name": "UnicodeScalarLiteralType",
                "printedName": "UnicodeScalarLiteralType",
                "children": [
                  {
                    "kind": "TypeNominal",
                    "name": "String",
                    "printedName": "Swift.String",
                    "usr": "s:SS"
                  }
                ]
              }
            ],
            "usr": "s:s33ExpressibleByUnicodeScalarLiteralP",
            "mangledName": "$ss33ExpressibleByUnicodeScalarLiteralP"
          },
          {
            "kind": "Conformance",
            "name": "CustomDebugStringConvertible",
            "printedName": "CustomDebugStringConvertible",
            "usr": "s:s28CustomDebugStringConvertibleP",
            "mangledName": "$ss28CustomDebugStringConvertibleP"
          },
          {
            "kind": "Conformance",
            "name": "CustomStringConvertible",
            "printedName": "CustomStringConvertible",
            "usr": "s:s23CustomStringConvertibleP",
            "mangledName": "$ss23CustomStringConvertibleP"
          },
          {
            "kind": "Conformance",
            "name": "BidirectionalCollection",
            "printedName": "BidirectionalCollection",
            "children": [
              {
                "kind": "TypeWitness",
                "name": "Element",
                "printedName": "Element",
                "children": [
                  {
                    "kind": "TypeNominal",
                    "name": "Character",
                    "printedName": "Swift.Character",
                    "usr": "s:SJ"
                  }
                ]
              },
              {
                "kind": "TypeWitness",
                "name": "Index",
                "printedName": "Index",
                "children": [
                  {
                    "kind": "TypeNominal",
                    "name": "Index",
                    "printedName": "Swift.String.Index",
                    "usr": "s:SS5IndexV"
                  }
                ]
              },
              {
                "kind": "TypeWitness",
                "name": "SubSequence",
                "printedName": "SubSequence",
                "children": [
                  {
                    "kind": "TypeNominal",
                    "name": "Substring",
                    "printedName": "Swift.Substring",
                    "usr": "s:Ss"
                  }
                ]
              },
              {
                "kind": "TypeWitness",
                "name": "Indices",
                "printedName": "Indices",
                "children": [
                  {
                    "kind": "TypeNominal",
                    "name": "DefaultIndices",
                    "printedName": "Swift.DefaultIndices<Swift.String>",
                    "children": [
                      {
                        "kind": "TypeNominal",
                        "name": "String",
                        "printedName": "Swift.String",
                        "usr": "s:SS"
                      }
                    ],
                    "usr": "s:SI"
                  }
                ]
              }
            ],
            "usr": "s:SK",
            "mangledName": "$sSK"
          },
          {
            "kind": "Conformance",
            "name": "Collection",
            "printedName": "Collection",
            "children": [
              {
                "kind": "TypeWitness",
                "name": "Element",
                "printedName": "Element",
                "children": [
                  {
                    "kind": "TypeNominal",
                    "name": "Character",
                    "printedName": "Swift.Character",
                    "usr": "s:SJ"
                  }
                ]
              },
              {
                "kind": "TypeWitness",
                "name": "Index",
                "printedName": "Index",
                "children": [
                  {
                    "kind": "TypeNominal",
                    "name": "Index",
                    "printedName": "Swift.String.Index",
                    "usr": "s:SS5IndexV"
                  }
                ]
              },
              {
                "kind": "TypeWitness",
                "name": "Iterator",
                "printedName": "Iterator",
                "children": [
                  {
                    "kind": "TypeNominal",
                    "name": "Iterator",
                    "printedName": "Swift.String.Iterator",
                    "usr": "s:SS8IteratorV"
                  }
                ]
              },
              {
                "kind": "TypeWitness",
                "name": "SubSequence",
                "printedName": "SubSequence",
                "children": [
                  {
                    "kind": "TypeNominal",
                    "name": "Substring",
                    "printedName": "Swift.Substring",
                    "usr": "s:Ss"
                  }
                ]
              },
              {
                "kind": "TypeWitness",
                "name": "Indices",
                "printedName": "Indices",
                "children": [
                  {
                    "kind": "TypeNominal",
                    "name": "DefaultIndices",
                    "printedName": "Swift.DefaultIndices<Swift.String>",
                    "children": [
                      {
                        "kind": "TypeNominal",
                        "name": "String",
                        "printedName": "Swift.String",
                        "usr": "s:SS"
                      }
                    ],
                    "usr": "s:SI"
                  }
                ]
              }
            ],
            "usr": "s:Sl",
            "mangledName": "$sSl"
          },
          {
            "kind": "Conformance",
            "name": "Sequence",
            "printedName": "Sequence",
            "children": [
              {
                "kind": "TypeWitness",
                "name": "Element",
                "printedName": "Element",
                "children": [
                  {
                    "kind": "TypeNominal",
                    "name": "Character",
                    "printedName": "Swift.Character",
                    "usr": "s:SJ"
                  }
                ]
              },
              {
                "kind": "TypeWitness",
                "name": "Iterator",
                "printedName": "Iterator",
                "children": [
                  {
                    "kind": "TypeNominal",
                    "name": "Iterator",
                    "printedName": "Swift.String.Iterator",
                    "usr": "s:SS8IteratorV"
                  }
                ]
              }
            ],
            "usr": "s:ST",
            "mangledName": "$sST"
          },
          {
            "kind": "Conformance",
            "name": "Equatable",
            "printedName": "Equatable",
            "usr": "s:SQ",
            "mangledName": "$sSQ"
          },
          {
            "kind": "Conformance",
            "name": "Comparable",
            "printedName": "Comparable",
            "usr": "s:SL",
            "mangledName": "$sSL"
          },
          {
            "kind": "Conformance",
            "name": "StringProtocol",
            "printedName": "StringProtocol",
            "children": [
              {
                "kind": "TypeWitness",
                "name": "UTF8View",
                "printedName": "UTF8View",
                "children": [
                  {
                    "kind": "TypeNominal",
                    "name": "UTF8View",
                    "printedName": "Swift.String.UTF8View",
                    "usr": "s:SS8UTF8ViewV"
                  }
                ]
              },
              {
                "kind": "TypeWitness",
                "name": "UTF16View",
                "printedName": "UTF16View",
                "children": [
                  {
                    "kind": "TypeNominal",
                    "name": "UTF16View",
                    "printedName": "Swift.String.UTF16View",
                    "usr": "s:SS9UTF16ViewV"
                  }
                ]
              },
              {
                "kind": "TypeWitness",
                "name": "UnicodeScalarView",
                "printedName": "UnicodeScalarView",
                "children": [
                  {
                    "kind": "TypeNominal",
                    "name": "UnicodeScalarView",
                    "printedName": "Swift.String.UnicodeScalarView",
                    "usr": "s:SS17UnicodeScalarViewV"
                  }
                ]
              },
              {
                "kind": "TypeWitness",
                "name": "SubSequence",
                "printedName": "SubSequence",
                "children": [
                  {
                    "kind": "TypeNominal",
                    "name": "Substring",
                    "printedName": "Swift.Substring",
                    "usr": "s:Ss"
                  }
                ]
              }
            ],
            "usr": "s:Sy",
            "mangledName": "$sSy"
          },
          {
            "kind": "Conformance",
            "name": "ExpressibleByStringInterpolation",
            "printedName": "ExpressibleByStringInterpolation",
            "children": [
              {
                "kind": "TypeWitness",
                "name": "StringInterpolation",
                "printedName": "StringInterpolation",
                "children": [
                  {
                    "kind": "TypeNominal",
                    "name": "DefaultStringInterpolation",
                    "printedName": "Swift.DefaultStringInterpolation",
                    "usr": "s:s26DefaultStringInterpolationV"
                  }
                ]
              }
            ],
            "usr": "s:s32ExpressibleByStringInterpolationP",
            "mangledName": "$ss32ExpressibleByStringInterpolationP"
          },
          {
            "kind": "Conformance",
            "name": "LosslessStringConvertible",
            "printedName": "LosslessStringConvertible",
            "usr": "s:s25LosslessStringConvertibleP",
            "mangledName": "$ss25LosslessStringConvertibleP"
          },
          {
            "kind": "Conformance",
            "name": "RangeReplaceableCollection",
            "printedName": "RangeReplaceableCollection",
            "children": [
              {
                "kind": "TypeWitness",
                "name": "SubSequence",
                "printedName": "SubSequence",
                "children": [
                  {
                    "kind": "TypeNominal",
                    "name": "Substring",
                    "printedName": "Swift.Substring",
                    "usr": "s:Ss"
                  }
                ]
              }
            ],
            "usr": "s:Sm",
            "mangledName": "$sSm"
          },
          {
            "kind": "Conformance",
            "name": "MirrorPath",
            "printedName": "MirrorPath",
            "usr": "s:s10MirrorPathP",
            "mangledName": "$ss10MirrorPathP"
          }
        ]
      },
      {
        "kind": "TypeDecl",
        "name": "StringProtocol",
        "printedName": "StringProtocol",
        "children": [
          {
            "kind": "Function",
            "name": "droppingLast",
            "printedName": "droppingLast(while:)",
            "children": [
              {
                "kind": "TypeNominal",
                "name": "String",
                "printedName": "Swift.String",
                "usr": "s:SS"
              },
              {
                "kind": "TypeFunc",
                "name": "Function",
                "printedName": "(Swift.Character) -> Swift.Bool",
                "children": [
                  {
                    "kind": "TypeNominal",
                    "name": "Bool",
                    "printedName": "Swift.Bool",
                    "usr": "s:Sb"
                  },
                  {
                    "kind": "TypeNominal",
                    "name": "Character",
                    "printedName": "Swift.Character",
                    "usr": "s:SJ"
                  }
                ],
                "typeAttributes": [
                  "noescape"
                ]
              }
            ],
            "declKind": "Func",
            "usr": "s:Sy30_SwiftSyntaxGenericTestSupportE12droppingLast5whileSSSbSJXE_tF",
            "mangledName": "$sSy30_SwiftSyntaxGenericTestSupportE12droppingLast5whileSSSbSJXE_tF",
            "moduleName": "_SwiftSyntaxGenericTestSupport",
            "genericSig": "<τ_0_0 where τ_0_0 : Swift.StringProtocol>",
            "sugared_genericSig": "<Self where Self : Swift.StringProtocol>",
            "isFromExtension": true,
            "funcSelfKind": "NonMutating"
          }
        ],
        "declKind": "Protocol",
        "usr": "s:Sy",
        "mangledName": "$sSy",
        "moduleName": "Swift",
        "genericSig": "<τ_0_0 : Swift.BidirectionalCollection, τ_0_0 : Swift.Comparable, τ_0_0 : Swift.ExpressibleByStringInterpolation, τ_0_0 : Swift.Hashable, τ_0_0 : Swift.LosslessStringConvertible, τ_0_0 : Swift.TextOutputStream, τ_0_0 : Swift.TextOutputStreamable, τ_0_0.Element == Swift.Character, τ_0_0.Index == Swift.String.Index, τ_0_0.StringInterpolation == Swift.DefaultStringInterpolation, τ_0_0.SubSequence : Swift.StringProtocol, τ_0_0.UTF16View : Swift.BidirectionalCollection, τ_0_0.UTF8View : Swift.Collection, τ_0_0.UnicodeScalarView : Swift.BidirectionalCollection, τ_0_0.UTF16View.Element == Swift.UInt16, τ_0_0.UTF16View.Index == Swift.String.Index, τ_0_0.UTF8View.Element == Swift.UInt8, τ_0_0.UTF8View.Index == Swift.String.Index, τ_0_0.UnicodeScalarView.Element == Swift.Unicode.Scalar, τ_0_0.UnicodeScalarView.Index == Swift.String.Index>",
        "sugared_genericSig": "<Self : Swift.BidirectionalCollection, Self : Swift.Comparable, Self : Swift.ExpressibleByStringInterpolation, Self : Swift.Hashable, Self : Swift.LosslessStringConvertible, Self : Swift.TextOutputStream, Self : Swift.TextOutputStreamable, Self.Element == Swift.Character, Self.Index == Swift.String.Index, Self.StringInterpolation == Swift.DefaultStringInterpolation, Self.SubSequence : Swift.StringProtocol, Self.UTF16View : Swift.BidirectionalCollection, Self.UTF8View : Swift.Collection, Self.UnicodeScalarView : Swift.BidirectionalCollection, Self.UTF16View.Element == Swift.UInt16, Self.UTF16View.Index == Swift.String.Index, Self.UTF8View.Element == Swift.UInt8, Self.UTF8View.Index == Swift.String.Index, Self.UnicodeScalarView.Element == Swift.Unicode.Scalar, Self.UnicodeScalarView.Index == Swift.String.Index>",
        "isExternal": true,
        "conformances": [
          {
            "kind": "Conformance",
            "name": "Escapable",
            "printedName": "Escapable",
            "usr": "s:s9EscapableP",
            "mangledName": "$ss9EscapableP"
          },
          {
            "kind": "Conformance",
            "name": "Copyable",
            "printedName": "Copyable",
            "usr": "s:s8CopyableP",
            "mangledName": "$ss8CopyableP"
          },
          {
            "kind": "Conformance",
            "name": "TextOutputStreamable",
            "printedName": "TextOutputStreamable",
            "usr": "s:s20TextOutputStreamableP",
            "mangledName": "$ss20TextOutputStreamableP"
          },
          {
            "kind": "Conformance",
            "name": "TextOutputStream",
            "printedName": "TextOutputStream",
            "usr": "s:s16TextOutputStreamP",
            "mangledName": "$ss16TextOutputStreamP"
          },
          {
            "kind": "Conformance",
            "name": "LosslessStringConvertible",
            "printedName": "LosslessStringConvertible",
            "usr": "s:s25LosslessStringConvertibleP",
            "mangledName": "$ss25LosslessStringConvertibleP"
          },
          {
            "kind": "Conformance",
            "name": "CustomStringConvertible",
            "printedName": "CustomStringConvertible",
            "usr": "s:s23CustomStringConvertibleP",
            "mangledName": "$ss23CustomStringConvertibleP"
          },
          {
            "kind": "Conformance",
            "name": "Hashable",
            "printedName": "Hashable",
            "usr": "s:SH",
            "mangledName": "$sSH"
          },
          {
            "kind": "Conformance",
            "name": "Equatable",
            "printedName": "Equatable",
            "usr": "s:SQ",
            "mangledName": "$sSQ"
          },
          {
            "kind": "Conformance",
            "name": "ExpressibleByStringInterpolation",
            "printedName": "ExpressibleByStringInterpolation",
            "usr": "s:s32ExpressibleByStringInterpolationP",
            "mangledName": "$ss32ExpressibleByStringInterpolationP"
          },
          {
            "kind": "Conformance",
            "name": "ExpressibleByStringLiteral",
            "printedName": "ExpressibleByStringLiteral",
            "usr": "s:s26ExpressibleByStringLiteralP",
            "mangledName": "$ss26ExpressibleByStringLiteralP"
          },
          {
            "kind": "Conformance",
            "name": "ExpressibleByExtendedGraphemeClusterLiteral",
            "printedName": "ExpressibleByExtendedGraphemeClusterLiteral",
            "usr": "s:s43ExpressibleByExtendedGraphemeClusterLiteralP",
            "mangledName": "$ss43ExpressibleByExtendedGraphemeClusterLiteralP"
          },
          {
            "kind": "Conformance",
            "name": "ExpressibleByUnicodeScalarLiteral",
            "printedName": "ExpressibleByUnicodeScalarLiteral",
            "usr": "s:s33ExpressibleByUnicodeScalarLiteralP",
            "mangledName": "$ss33ExpressibleByUnicodeScalarLiteralP"
          },
          {
            "kind": "Conformance",
            "name": "Comparable",
            "printedName": "Comparable",
            "usr": "s:SL",
            "mangledName": "$sSL"
          },
          {
            "kind": "Conformance",
            "name": "BidirectionalCollection",
            "printedName": "BidirectionalCollection",
            "usr": "s:SK",
            "mangledName": "$sSK"
          },
          {
            "kind": "Conformance",
            "name": "Collection",
            "printedName": "Collection",
            "usr": "s:Sl",
            "mangledName": "$sSl"
          },
          {
            "kind": "Conformance",
            "name": "Sequence",
            "printedName": "Sequence",
            "usr": "s:ST",
            "mangledName": "$sST"
          }
        ]
      }
    ],
    "json_format_version": 8
  },
  "ConstValues": [
    {
      "filePath": "\/tmp\/swift-syntax\/Sources\/_SwiftSyntaxGenericTestSupport\/AssertEqualWithDiff.swift",
      "kind": "StringLiteral",
      "offset": 2005,
      "length": 2,
      "value": "\"\""
    },
    {
      "filePath": "\/tmp\/swift-syntax\/Sources\/_SwiftSyntaxGenericTestSupport\/AssertEqualWithDiff.swift",
      "kind": "StringLiteral",
      "offset": 2496,
      "length": 2,
      "value": "\"\""
    }
  ]
}